{"uuid": "c440f39d-0220-4348-b015-ac0f7af100e4", "name": "POV - Install Nginx", "desc": null, "cmd": "local", "tgt_uuid": "f2ace00c-4fa0-11e6-88bc-080027a7289c", "fun": "state.apply", "arg": {"arg": ["saltenv=base"], "kwarg": {"mods": "POV.application-management.linux.nginx_install"}, "hiddenArgsObj": {"test": "false", "saltenv": "base"}}, "masters": [], "metadata": {"auth": {"owner": {"uuid": "80c67364-cb31-4f4b-972a-e7ea3f752bb8", "config_name": "internal", "username": "root"}, "access": {}}}, "tgt_name": "Linux"}
{"uuid": "7d0b5ad3-1c3d-4471-b1f8-83a0314ec901", "name": "POV - Install Windows Packages", "desc": null, "cmd": "local", "tgt_uuid": "dd11549a-4f9f-11e6-88bc-080027a7289c", "fun": "state.apply", "arg": {"arg": ["saltenv=base"], "kwarg": {"mods": "POV.application-management.windows.install_windows_packages", "pillar": {"app_name": ["filezilla", "firefox_x64", "keepass-2x", "putty"]}}, "hiddenArgsObj": {"test": "false", "saltenv": "base"}}, "masters": [], "metadata": {"auth": {"owner": {"uuid": "80c67364-cb31-4f4b-972a-e7ea3f752bb8", "config_name": "internal", "username": "root"}, "access": {}}}, "tgt_name": "Windows"}
{"uuid": "49648518-9345-448a-9dea-9b2f123dd240", "name": "POV - Remove Windows Packages", "desc": null, "cmd": "local", "tgt_uuid": "dd11549a-4f9f-11e6-88bc-080027a7289c", "fun": "state.apply", "arg": {"arg": ["saltenv=base"], "kwarg": {"mods": "POV.application-management.windows.remove_windows_packages", "pillar": {"app_name": ["filezilla", "firefox_x64", "keepass-2x", "putty"]}}, "hiddenArgsObj": {"test": "false", "saltenv": "base"}}, "masters": [], "metadata": {"auth": {"owner": {"uuid": "80c67364-cb31-4f4b-972a-e7ea3f752bb8", "config_name": "internal", "username": "root"}, "access": {}}}, "tgt_name": "Windows"}
{"uuid": "62c44dcc-e454-46d0-9a69-948d8c7e6d81", "name": "POV - Update Linux Patches", "desc": null, "cmd": "local", "tgt_uuid": "f2ace00c-4fa0-11e6-88bc-080027a7289c", "fun": "state.apply", "arg": {"arg": ["saltenv=base"], "kwarg": {"mods": "POV.patching.linux.update_patches"}, "hiddenArgsObj": {"test": "false", "saltenv": "base"}}, "masters": [], "metadata": {"auth": {"owner": {"uuid": "80c67364-cb31-4f4b-972a-e7ea3f752bb8", "config_name": "internal", "username": "root"}, "access": {}}}, "tgt_name": "Linux"}
{"uuid": "a0293e79-88f1-42eb-8f9b-372ac1f067ad", "name": "POV - Update Windows Patches", "desc": null, "cmd": "local", "tgt_uuid": "dd11549a-4f9f-11e6-88bc-080027a7289c", "fun": "state.apply", "arg": {"arg": ["saltenv=base"], "kwarg": {"mods": "POV.patching.windows.update_patches"}, "hiddenArgsObj": {"test": "false", "saltenv": "base"}}, "masters": [], "metadata": {"auth": {"owner": {"uuid": "80c67364-cb31-4f4b-972a-e7ea3f752bb8", "config_name": "internal", "username": "root"}, "access": {}}}, "tgt_name": "Windows"}
{"uuid": "d63b8c6e-4d3c-401c-92b3-ce0123b36411", "name": "POV - Install Windows KBs", "desc": null, "cmd": "local", "tgt_uuid": "dd11549a-4f9f-11e6-88bc-080027a7289c", "fun": "state.apply", "arg": {"arg": ["saltenv=base"], "kwarg": {"mods": "POV.patching.windows.install_KB", "pillar": {"kb": ["KB5005568", "KB5005653"]}}, "hiddenArgsObj": {"test": "false", "saltenv": "base"}}, "masters": [], "metadata": {"auth": {"owner": {"uuid": "80c67364-cb31-4f4b-972a-e7ea3f752bb8", "config_name": "internal", "username": "root"}, "access": {}}}, "tgt_name": "Windows"}
{"uuid": "aac7305c-b9f9-425b-b445-ede15728c7ec", "name": "POV - Event Automation - Linux: Deliver SSHD file", "desc": null, "cmd": "local", "tgt_uuid": "f2ace00c-4fa0-11e6-88bc-080027a7289c", "fun": "state.apply", "arg": {"arg": ["saltenv=base"], "kwarg": {"mods": "POV.event-driven-automation.linux.monitor_sshd_config.deliver_sshd_config"}, "hiddenArgsObj": {"test": "false", "saltenv": "base"}}, "masters": [], "metadata": {"auth": {"owner": {"uuid": "80c67364-cb31-4f4b-972a-e7ea3f752bb8", "config_name": "internal", "username": "root"}, "access": {}}}, "tgt_name": "Linux"}
{"uuid": "9cc44b8e-c2df-4226-bf72-cfe0308c1b5c", "name": "POV - Event Automation - Linux: Deploy beacon config", "desc": null, "cmd": "local", "tgt_uuid": "f2ace00c-4fa0-11e6-88bc-080027a7289c", "fun": "state.apply", "arg": {"arg": ["saltenv=base"], "kwarg": {"mods": "POV.event-driven-automation.linux.monitor_sshd_config.deploy_sshd_beacon"}, "hiddenArgsObj": {"test": "false", "saltenv": "base"}}, "masters": [], "metadata": {"auth": {"owner": {"uuid": "80c67364-cb31-4f4b-972a-e7ea3f752bb8", "config_name": "internal", "username": "root"}, "access": {}}}, "tgt_name": "Linux"}
{"uuid": "05c4cd9b-0afd-42c8-84b1-40a701a33537", "name": "POV - Event Automation - Linux: Deploy reactor config", "desc": null, "cmd": "local", "tgt_uuid": "f2ace00c-4fa0-11e6-88bc-080027a7289c", "fun": "state.apply", "arg": {"arg": ["saltenv=base"], "kwarg": {"mods": "POV.event-driven-automation.linux.monitor_sshd_config.deploy_sshd_reactor"}, "hiddenArgsObj": {"test": "false", "saltenv": "base"}}, "masters": [], "metadata": {"auth": {"owner": {"uuid": "80c67364-cb31-4f4b-972a-e7ea3f752bb8", "config_name": "internal", "username": "root"}, "access": {}}}, "tgt_name": "Linux"}
{"uuid": "563e72e4-9d59-421a-b8f6-1ef51ce7b9a7", "name": "POV - Event Automation - Windows: Deploy beacon config", "desc": null, "cmd": "local", "tgt_uuid": "dd11549a-4f9f-11e6-88bc-080027a7289c", "fun": "state.apply", "arg": {"arg": ["saltenv=base"], "kwarg": {"mods": "POV.event-driven-automation.windows.monitor_windows_service.deploy_windows_beacon"}, "hiddenArgsObj": {"test": "false", "saltenv": "base"}}, "masters": [], "metadata": {"auth": {"owner": {"uuid": "80c67364-cb31-4f4b-972a-e7ea3f752bb8", "config_name": "internal", "username": "root"}, "access": {}}}, "tgt_name": "Windows"}
{"uuid": "a31e2b30-2b1f-4988-96e6-176a634644dc", "name": "POV - Event Automation - Windows: Deploy reactor config", "desc": null, "cmd": "local", "tgt_uuid": "f2ace00c-4fa0-11e6-88bc-080027a7289c", "fun": "state.apply", "arg": {"arg": ["saltenv=base"], "kwarg": {"mods": "POV.event-driven-automation.windows.monitor_windows_service.deploy_windows_reactor"}, "hiddenArgsObj": {"test": "false", "saltenv": "base"}}, "masters": [], "metadata": {"auth": {"owner": {"uuid": "80c67364-cb31-4f4b-972a-e7ea3f752bb8", "config_name": "internal", "username": "root"}, "access": {}}}, "tgt_name": "Linux"}